vgz;pjv
rfx;gqn
jnd;ldj
jnd;tvn
jnd;nxh
jnd;kpn
rpx;jpm
spg;rfc
spg;mkf
spg;qsg
spg;pnh
zkm;fjq
zkm;qdl
zkm;lsb
sps;mzr
pvv;gmj
pvv;drl
dck;kxc
dck;vph
dck;mhv
dck;rjr
lxt;fqx
lxt;mbg
lxt;hrj
vxj;ngg
vxj;qcg
vxj;khn
vhr;hgq
vhr;rzg
vhr;klr
vhr;hcz
xfx;znq
xfx;hjx
xfx;mbz
tfj;rgz
tfj;djk
tfj;vlt
hvj;hnb
hvj;mrm
pjg;cbm
bhc;mrg
bhc;bzt
bhc;xfk
bhc;qlf
dmn;glj
dmn;vqk
dmn;czk
dmn;mkx
frg;pmm
frg;tmv
frg;zkx
cvc;lnp
xrj;hnj
xrj;fgv
xrj;kjq
xrj;tjh
lck;gqf
lck;zbn
lck;pcb
lck;jrp
lck;lpx
pth;xgt
pth;lbz
mcr;cpn
mcr;ssz
mcr;bjj
mcr;krl
bzt;tnp
lxm;bqq
dpx;dds
dpx;crd
dpx;cdt
dpx;qpr
dpx;vns
fhv;zsp
fhv;kxq
fhv;lxx
fhv;vzs
dgr;cqn
dgr;kkh
dgr;pqs
dgr;vcv
qlr;ndx
qlr;cjn
csb;jrh
csb;gdf
csb;sbr
qfd;bhc
qfd;scm
qfd;kmg
qfd;vxx
dnv;fvs
dnv;mbg
dnv;jmj
hzv;nqm
hzv;cfg
hzv;dkq
hzv;mll
hzv;bzb
hzv;znl
vtr;lhm
vtr;rkl
pfb;hdg
pgq;jcg
pgq;cxt
pgq;lrk
pgq;tkg
prv;kkc
prv;knb
prv;tvl
fkp;bdt
fqf;nkp
fqf;vvv
fqf;nps
fnj;bqx
fnj;nqv
fnj;lsc
nfn;hkb
nfn;dvg
cxz;rpr
cxz;cfb
cxz;jmv
cxz;lbz
vts;bkc
dqn;rvq
dqn;kvz
dqn;ztc
gdd;jpj
gdd;fnd
gdd;sxr
gdd;gkt
zmp;fpg
xvz;bhj
xvz;vxn
xvz;rlx
xvz;bnc
bqf;hqc
bqf;gfr
rrj;rzh
gnk;jmc
vlp;jmj
vlp;znt
hsp;vgz
hsp;lhh
hsp;xdp
hsp;ptp
hsp;vxn
krl;zkj
jmg;smh
xnk;frt
xnk;srj
xnk;rvb
xnk;dvn
njs;qlr
pms;rkl
pms;dxk
hpr;cvn
hpr;fsz
hpr;dvx
hpr;tvx
hpr;jrj
dvb;bqv
gsf;fgk
gsf;zlh
gsf;xdm
qjx;zkt
qjx;hcz
qjx;kbj
qjx;gvn
kmg;vpq
kmg;tnn
zvt;mnf
zvt;bbk
zvt;tdp
zvt;mjq
zvt;xpm
zvt;bnq
xnh;fgv
xnh;mjq
qpz;mft
qpz;pdz
qff;pvz
mjf;nst
mjf;pjj
pfv;bqf
pfv;smq
pfv;dkd
pfv;qbt
pfv;rtq
tjr;bdg
tjr;phm
tjr;hxl
mpt;zkk
jps;mnm
jps;vkc
jps;qcd
jps;srh
stk;rrj
cpr;mtz
cpr;qrb
cpr;jlc
cpr;rvj
ljl;kjq
kfc;szh
hmz;srq
hmz;vph
hmz;lmh
hmz;pbb
sfp;lbd
shc;fvg
shc;jgj
shc;vpz
ggr;mhv
ggr;nss
ggr;vhd
ggr;czb
zgx;fdr
zgx;zqk
zgx;jdl
zgx;kxm
ljt;hxs
ljt;nhc
ljt;dxv
lsh;kkg
sjz;clx
lhh;xpr
lhh;ptb
lhh;tjl
qbj;ghp
qbj;zlh
qbj;nmp
jxp;gzv
jxp;rbm
jxp;hnj
jxp;frq
jlk;mcg
jlk;pzg
jlk;nlj
jlk;dzl
mzb;lqk
bsh;gtp
bsh;cbz
bsh;tzz
bsh;fkp
pnm;gxt
qxl;bfb
qxl;djk
dfx;lsc
hzl;qvl
hzl;jsl
hzl;sqr
vvv;rpq
vvv;xbj
jmq;ztv
jmq;zqh
jmq;zgc
kck;vmz
kck;zpg
kbf;zjd
kbf;lth
kbf;xpk
kbf;hgr
kbf;mzb
jtf;pdr
jtf;cbg
vpz;vfn
zns;jdj
zns;drx
zns;dlx
mxd;bmb
mxd;njz
mxd;zsr
mxd;jfp
svk;jrb
svk;mgk
svk;tzg
svk;lfc
mzm;lfc
mzm;cnz
mzm;xfv
mzm;ppm
hxx;zsx
hxx;ckj
hxx;pmm
sbp;qxl
sbp;xlx
sbp;ffj
qmg;jcc
qmg;tdx
qmg;mmv
qmg;pdj
pjh;jsj
pjh;qzs
mmv;zgh
mmv;rsh
jcr;lsc
jcr;tbj
rct;ltj
rct;tdr
rct;dzj
vfz;hpp
rqt;dlx
rqt;dvn
ctk;dvg
ctk;cbh
ctk;ksp
ctk;txp
bbh;lpm
bbh;qrp
bbh;nrq
bbh;txx
rgr;zkj
rgr;pjj
glp;qvl
jlc;pls
jlc;dkq
jlc;scm
tkn;xlx
tkn;gtr
prl;kdh
jjt;vnd
jjt;frg
jjt;sfs
jjt;vzx
jjt;qxs
lbz;szm
mqd;ljz
mqd;mgk
pnx;gzc
pnx;krz
pnx;gvl
mkq;xqc
mkq;hxs
hkm;cqn
hkm;xfk
dvg;vfp
dvg;jvj
xrt;tnc
kfm;phm
kfm;rjf
kfm;dqh
kfm;kvb
dcn;tdl
dtr;nhn
dtr;ztv
dtr;mbg
jrh;hhr
brv;qsb
brv;pzf
brv;dmq
brv;rxl
ckz;zpk
ckz;qzc
ckz;fnf
tgj;rkh
tgj;llr
gkd;csj
gkd;kgk
gkd;fxl
ppl;lrx
ppl;zjr
ppl;fjf
ppl;njv
nbh;frt
nbh;chs
jsl;mmt
nrl;scm
nrl;crt
cnh;ffx
cnh;bqq
cnh;cfg
lzv;qvt
rqk;flt
rqk;rxg
rqk;qmk
rqk;flb
xnm;zvz
xnm;sql
nmq;nbq
nmq;tzm
nlp;gsd
nlp;fgl
nlp;hdc
nlp;mpt
zjr;sbs
zjr;pjv
bpq;pgz
bpq;xsh
bpq;bzk
bpq;jrz
dbl;hrr
dbl;qvt
kkn;xbj
npd;xmg
npd;hbt
brl;ztc
svb;ltz
qcz;lbm
qcz;hmm
qcz;sbs
nch;jvp
nch;mfs
gbd;vts
gbd;fgs
gbd;gtd
gbd;czt
gbd;xlx
mlc;gbh
mlc;jxk
mlc;kkl
lsn;jzj
lsn;lbz
lsn;rxp
lsn;gbh
bng;flb
bng;qxs
bng;ktn
bng;fjf
lfj;kpc
jdf;ppv
jdf;lgm
cdg;dkq
jqt;rkh
lmg;ccx
lmg;sfk
kdq;mrm
gtp;gkp
gtp;xvn
gtp;knm
gtp;vmt
pvx;gdn
pvx;src
pvx;rlb
pvx;bhm
pvx;rjm
pvx;nmq
thv;zlh
thv;pgh
vqd;kbj
vqd;rvk
vqd;lfj
pnb;pdz
pnb;nrq
xsg;jjr
xsg;drz
gkt;ngq
prx;fgt
prx;brx
lhc;pvv
lhc;fvg
lhc;prs
lhc;bdk
qqb;glg
qqb;fxt
fnd;jrg
fnd;dkq
fnd;czt
sbj;ksp
lgk;cjn
lgk;dxp
lgk;mnh
klp;dtl
klp;hsz
hrk;ndq
hrk;shh
hrk;hbg
dqz;fcx
dqz;zkx
dqz;lmh
dqz;zsx
fcc;fmh
fcc;fpg
fcc;rjf
jfs;mqd
jfs;dgz
hxl;znt
hxl;xlg
hxl;rkh
hxl;vqk
hxl;thg
lnp;rxg
lnp;mzb
rbm;lzh
bdg;vfn
bdg;cnp
bdg;zkk
dzn;mbg
dzn;jvj
dzn;xzj
mjc;pbl
mjc;dxk
mjc;ccs
ntt;dkr
ntt;bxs
ntt;bgf
ntt;kdb
dqr;vmz
dqr;srd
dqr;dvb
zhx;kmc
zhx;zrs
dxm;ltr
dxm;lzc
dxm;jkt
dxm;cjj
mgl;nzn
mgl;ltc
gqm;lgt
phj;jpm
phj;dtn
ndf;prz
ndf;xnh
ndf;dng
ndf;jvk
jjb;nmh
jjb;xsn
ndh;hdc
ndh;xbj
ndh;fgl
ndh;pjg
ndh;gnk
ndh;clx
ndh;mmj
kts;nhc
kts;smf
stc;hgm
stc;mtj
stc;rkv
vcv;jfp
vcv;bqv
fts;vjp
fts;zgh
fts;mxt
fts;drz
jpm;fxt
svh;gtr
svh;rvj
svh;bbm
tdn;rzp
tdn;rvk
tdn;srj
jcg;rvj
jcg;dsr
szn;cgn
szn;gfj
szn;dtr
vsd;gjs
vsd;bdk
sqt;gxs
sqt;fcn
sqt;ppd
sqt;xsg
sqt;ggg
tdf;ccs
rlx;fnj
dqj;hqq
dqj;pnm
dqj;mrm
dqj;hvq
frq;hdk
frq;zsp
frq;ghp
xgg;jkf
xgg;djk
xgg;jcr
nfz;jxk
nfz;sch
nfz;vph
nfz;fpq
nfz;mzr
fbf;mmt
fbf;bqx
vmz;vlv
jgh;lzn
lhn;xcl
lhn;csn
lhn;bvh
lhn;mqb
lhn;vnx
bfb;xgj
bfb;qbt
bfb;trb
bfb;hgl
fcx;pqr
fcx;jdh
vnd;jtb
vnd;dxk
cgt;hbg
cgt;cnh
cgt;tbj
zpg;zhc
shm;bln
shm;sbq
shm;pgk
shm;hxs
rtv;dkq
rtv;jzq
hnt;brc
hnt;snt
hnt;hbc
hnt;nzp
ppm;ppg
ppm;cmx
dgp;jkf
dgp;tdp
llr;nvg
zxp;pqr
zxp;mtj
zxp;cqn
zxp;vnd
zxp;nrl
zkk;rcq
brx;shq
bqv;flb
dms;fqx
dms;qsb
dms;thk
pbh;dbs
pbh;zrs
vfc;tfx
vfc;jgh
vfc;qmb
qbz;crp
skv;dmb
skv;fvh
skv;tdl
skv;zmp
hmn;bdk
hmn;ncd
hmn;xzj
vdc;rth
vdc;rnn
vdc;bln
zsr;ltj
zsr;hqg
kkh;tmg
kkh;pbb
kkh;fkp
njk;tmv
njk;qht
njk;hgq
vzm;vtr
vzm;pdr
vzm;rgl
vzm;fnf
vzm;ckm
sjp;nbh
sjp;gtd
sjp;srd
sjp;ttz
vkm;npl
vkm;qmm
klr;rvj
klr;gqm
klr;bdt
qdx;djk
qdx;pgr
qdx;mqf
qdx;scm
czn;qkn
czn;cbm
hcf;vpv
hcf;qkn
hcf;nst
hcf;xnm
rpj;prj
hcz;szb
nkf;bjz
nkf;vvc
nkf;nqv
nkf;gpv
bmm;kft
bmm;lvr
bmm;dqp
ngk;pvz
ngk;phm
ngk;cpc
spk;lcp
spk;nfc
rtq;tdr
rtq;hqk
cdp;xcl
cdp;lbr
kgs;tjl
kgs;kcx
kgs;phj
kgs;nzn
snh;gxt
snh;bdd
snh;dzl
snh;hsz
xmh;pnf
xmh;xcl
xmh;qhs
xmh;vkc
xmh;gzc
qqz;fsc
mbf;kpc
mbf;dxr
kjd;xrt
kjd;msv
kjd;kbj
klc;lxt
klc;fsz
klc;lvn
klc;pqp
mvt;lzh
fxs;shz
fxs;bhm
fxs;vnx
fxs;pvz
fxs;vfz
tjv;plh
tjv;hfd
tjv;qsg
tjv;tfj
jvb;bhz
jvb;szx
jvb;gqm
jvb;kxd
fcl;nvg
fcl;jmc
nzn;zpk
pnf;ppv
pmx;dzj
pmx;vff
pmx;kmg
pmx;nbh
bhj;trb
rzt;qmm
rzt;pmp
rzt;qht
xkx;hsk
xkx;mrm
xkx;rzz
pvh;vpq
pvh;njk
pvh;fqr
pvh;sjt
cnl;ngg
cnl;mnh
cnl;kns
cnl;fkg
cnl;fvm
cnl;phc
hjr;dnd
hjr;czg
hjr;pjl
rkv;pbp
khn;lbr
rfd;mvt
rfd;kkq
rfd;ndd
rfd;xrt
znj;nxh
cms;ktn
cms;mjm
cms;pzv
hlc;rzg
hlc;lrx
hlc;hjx
hlc;xgj
hlc;nvb
hlc;kgj
zzk;jvk
zzk;svb
zzp;grg
zzp;zsr
zzp;vkm
bcm;gxs
bcm;txp
bcm;sbr
bcm;xnd
kds;nbx
kds;lpp
kds;mrg
fhz;hsz
fhz;sdt
fhz;nhn
fhz;kxq
xfs;dbs
xts;rgc
xts;fbf
mxt;sjz
mxt;crp
mxt;fvg
qkk;pzv
qkk;zhg
qkk;fnf
qkk;qcj
drt;gqm
drt;ljl
ddk;fsb
ddk;zht
ddk;xzk
xgj;kqm
rfm;ftz
rfm;lvn
rfm;qgj
hqk;gxq
hqk;lqk
tzz;dgp
tzz;spt
tzz;bhj
zmq;kqm
bmb;mvn
bmb;spt
pgz;zqh
pgz;cmx
hks;njl
hks;qzp
ngp;nmh
ngp;tpn
nbl;hzh
nbl;nsv
pcv;xvn
pcv;rxg
pcv;cdg
pcv;hdt
fzm;trb
fzm;tqv
fzm;zdj
jpl;rvz
jpl;xcz
jpl;bfn
xmc;thg
xmc;zkj
xmc;tqb
xmc;sxv
xmc;ppd
xmc;lcp
nxf;ghp
nxf;vrz
nxf;dgv
nxf;ljv
kzn;ppd
kzn;tkf
bsm;fqb
bsm;rtp
bsm;vpn
bsm;qzc
rgc;jpm
ljh;cbh
ljh;zzd
ljh;gdj
ljh;szn
ljh;jlm
fgl;rdl
ptv;khr
ptv;fdr
ptv;kxp
ptv;smf
hht;grg
czb;zfj
czb;vpn
czb;cqt
ljv;ptt
dxp;rcq
fgc;pxb
fgc;kgv
fgc;ndk
fgc;mmv
fgc;spk
fgc;qcd
mnz;bxs
mnz;vpd
mnz;pnh
kxq;crz
zld;jjb
zld;znt
zld;xpq
fpz;ndx
fpz;gmx
fpz;fgz
fpz;zrs
hfx;dqp
jkf;ztc
hmm;fgs
hkc;ntv
ckr;jps
ckr;vgd
ckr;ntv
ckr;bln
rvt;tkn
rvt;xfx
rvt;ngj
rvt;npd
rvt;qcz
qhq;sdd
qhq;vcq
qhq;mcg
qhq;fkg
nst;fgz
nst;tqr
nst;jsj
mjv;drl
mjv;sxb
jkm;ghc
jkm;mgm
jkm;kjq
jkm;zpg
qfk;qmk
qfk;jsn
qfk;czg
qfk;nsv
qfk;jts
qfk;knb
tpn;pnb
qct;lxx
gtr;tbj
jgn;sst
zzc;fft
zzc;rjm
zzc;cgm
kgj;glv
kgj;trb
kgj;npl
lns;lzv
lns;rzc
lns;fsz
njz;bxs
njz;zck
klf;scl
klf;zkh
klf;rpq
tvn;ccs
tvn;bhz
tvn;dtp
sgt;lth
sgt;nzk
sgt;xnh
sgt;zjr
sgt;fxt
frd;rfc
frd;qsg
frd;qlv
frd;vjl
ltz;hdx
ltz;vnl
crg;nrv
crg;pjv
rfk;npl
rfk;knb
kzj;mvn
kzj;qsf
mph;lpr
mph;klp
mph;rkh
mph;sqj
mph;ncx
pcb;lxm
ktj;cng
cgm;nvg
pqp;qlr
znm;lxm
znm;fns
znm;kkc
znm;nzn
znm;rlx
znm;gtr
njp;ltj
qgg;zff
qgg;ngq
qgg;ldz
fcn;sfp
fcn;xcl
qvq;jlr
qvq;jdl
qvq;tkf
qvq;dds
rxp;znq
rxp;cmj
rxp;bxs
rxp;cxt
mxk;dzj
mxk;rgz
mxk;thv
mxk;sps
rgl;czp
rgl;ffx
fkc;hqk
fkc;rtv
fkc;szb
fkc;gkt
rtp;prc
rtp;krp
rtp;mqn
rtp;rzp
pgk;nrm
kjk;cpm
mcv;prl
mcv;jfp
mcv;nxh
mcv;hnd
nkm;bvg
nkm;pnf
hvq;shq
lhv;bhl
lhv;khn
lhv;ppm
lhv;tvx
sql;smf
sql;nzp
cnv;bzt
cnv;bnq
fnr;jmj
fnr;fqx
fnr;hbc
fnr;qkn
xpr;glz
hdd;fxj
hdd;tbn
hdd;qtp
vvz;jsj
vvz;zpl
rqh;lbb
rqh;mkx
rqh;zvz
rqh;jzl
rqh;bvg
rqh;cdp
bhr;xsd
bhr;czt
tqt;hzh
tqt;bqq
pxb;thk
znq;vnl
znq;gjg
gst;nbl
gst;zns
gst;ccx
gst;hkm
thg;fkg
fqb;gpg
fqb;czp
fqb;jxk
lpx;zck
lpx;czg
mzd;ljl
mzd;phj
mzd;tkq
mzd;npd
mzd;tvn
tkg;qtg
tkg;ntl
rpr;nsv
zfk;tlr
zfk;qcg
zfk;ndx
zfk;dqb
zfk;jqt
zfk;vlp
fsg;jxj
fsg;ftz
fsg;jlr
fsg;rdl
zzd;rzc
zzd;fvg
dtn;njp
dtn;nss
dtn;dkd
shz;rfx
shz;zdr
shz;tct
rcj;tkq
rcj;zpb
rcj;xdz
rcj;pzl
gzv;mxk
gzv;bml
gzv;gnq
gzv;kgl
gzv;xjp
gqx;tbn
gqx;zgc
lrx;ltj
scp;gjg
scp;bjc
scp;jpf
ncx;gzc
ncx;cbm
vbn;trr
vbn;zpl
vbn;hkc
vbn;klk
vbn;nps
mmj;prs
mmj;prj
mmj;mgk
hfb;tmv
hfb;hbx
ldz;mdk
ldz;rfk
kft;mjv
kft;ppz
kft;xcs
tkf;ppg
tkf;brx
cls;bqx
njc;gxs
njc;pnf
njc;mjz
fpg;drz
hft;xsd
hft;bsm
hft;rpx
hft;bml
hft;ltc
sfs;vjl
sfs;bjz
cdt;jlv
cdt;nkm
cdt;zfx
cdt;scc
qdl;dvj
qdl;nrq
kpq;pxv
kpq;dkr
kpq;mqz
kpq;lnp
jjp;tcn
jjp;krp
jjp;pbl
jjp;bhr
mhj;xmh
mhj;ccz
mhj;vgp
fqr;kbn
fqr;hht
hpk;llr
ffz;bjz
ffz;dvb
ffz;djl
nmp;kjd
nmp;lhh
nmp;bzm
dxb;qpr
dxb;dxv
dxb;hvj
dxb;zfg
nzs;mbf
nzs;fnd
nzs;zns
zdd;dds
zdd;dqp
pch;jvp
pch;qzk
pch;xfs
pch;kdp
vjm;mzr
vjm;gch
vjm;xdm
vjm;szb
xpz;qcd
xpz;fxj
ccx;bkg
rgk;rvb
rgk;cbg
rgk;zbq
rgk;vmt
pxv;fjf
pxv;szb
pxv;rzt
njl;hbx
njl;mmt
rvz;dqn
rvz;jdj
rvz;mll
rvz;vpd
rvz;mgl
gdj;qfq
gdj;xpz
gdj;rpq
mbj;rct
mbj;mxk
mbj;mkf
mbj;rgz
bpg;szk
bpg;trb
bpg;nss
bpg;kpc
bpg;rjr
jrb;gkd
jrb;zkd
jrb;bjj
jrb;hvq
sls;dsl
sls;gzn
sls;khn
sls;thh
rzc;dvx
rzc;sjz
vbx;bbh
vbx;lns
vbx;tmm
vbx;nrz
rnn;hrj
bqm;snq
bqm;hjr
bqm;mvt
bqm;spr
gjc;dms
gjc;hsz
gjc;pjj
gjc;vkg
znl;jzq
czc;tvl
czc;mlc
czc;dfx
czc;dpm
svj;fdr
svj;nfl
svj;cqs
svj;dnv
hzn;dmb
hzn;prs
hzn;qmb
hzn;nmq
cbm;dgz
cbm;ntv
fsb;ktj
hqg;mdh
ppp;dgd
ppp;xql
ppp;bhj
ppp;prm
ppp;glp
ppp;ltc
lkt;mnm
lkt;sxb
tlt;hkc
kpm;mdf
kpm;pnx
kpm;rpj
kpm;tqb
mft;bdd
mft;vqt
zdj;grg
hnd;hcr
sdd;dvx
sdd;hzf
sdd;zkr
rvq;kkg
zjc;qfq
zjc;tdh
zjc;qzd
gzn;vvv
gzn;hdg
gzn;lxx
tpl;vgg
tpl;hkc
tpl;rnn
tpl;hpc
jdn;jgn
jdn;zfg
jdn;stk
jdn;rzh
jdn;pql
qhs;hrn
kcn;nzp
kcn;cdp
kcn;dqm
ptq;bnj
ptq;qlr
fmh;hhr
szh;dtl
dhc;zbh
dhc;mct
dhc;nxq
dhc;ghc
mdk;cfh
mdk;xrr
trp;cls
trp;shf
tnc;hgl
hcd;hgm
hcd;gxq
hcd;skg
hcd;zjd
hcd;cnr
qrm;pfb
qrm;sxv
thh;ljz
ldr;dxk
xql;zck
gzt;bcs
gzt;zrc
gzt;tzv
gzt;lbm
gzt;bcz
tfx;tcr
tfx;zkd
nfs;fcq
nfs;gfr
nfs;rct
nfs;hnd
tql;snt
tql;vtx
tql;jvj
lsb;dqp
trc;rtk
trc;gpg
trc;dxk
trc;jcr
tdp;skg
tdp;pbl
jqx;ljt
jqx;hrr
jqx;hrn
jqx;bnj
jlm;hpc
jlm;pvz
jrg;tkn
cxt;bnt
cxt;xqt
cxt;qqz
qcd;gmj
ffj;mnk
ffj;xlx
ffj;bqx
bhl;sst
bhl;zkk
rdh;gbs
rdh;dgj
rdh;hks
rdh;hxx
rdh;rjr
bkk;fcc
bkk;dnm
bkk;dvx
bkk;lnm
mct;glp
mct;flj
mct;ttz
mct;vvr
mjz;mmv
mjz;lzv
mjz;vtx
mjz;bvh
zjd;bkc
zjd;nvb
xff;lgt
xff;kkc
pls;zdj
pls;ljv
jkt;vqk
jkt;jbr
jkt;klc
pjf;ksp
mbz;nbx
jvp;rth
jvp;mgk
jvp;vdc
fjb;znj
fjb;kpc
fjb;nvh
vnx;rth
vnx;drz
tct;vjp
mjn;vpn
mjn;znl
vff;zff
btc;zkm
btc;sqk
btc;rjb
btc;hpk
gpv;bgf
gpv;qqb
gpv;rvk
qcm;hqg
qcm;vpq
qcm;lzh
lpr;brx
mdf;zrs
mdf;xgb
pvc;qsc
pvc;zpg
pvc;xsd
jcm;zlh
jcm;rvj
jcm;vnl
jcm;lfj
fnh;hrk
fnh;fxt
fnh;sbp
fnh;cpl
lrk;sdp
hvz;vkc
hvz;pjf
hvz;qgj
qmb;xfs
qmb;zvz
qmb;vfp
pbg;fxt
pbg;lcn
pbg;kzj
pbg;nrl
zvm;pjj
zvm;hvj
zvm;hbc
zvm;hkb
vvn;thg
vvn;tzm
vvn;hfx
vvn;vfh
vzv;sgf
vzv;mbg
vzv;xcb
hln;ngp
hln;svq
hln;fmh
hln;tlt
fxz;chs
fxz;tsm
snt;xqc
snt;cpm
cqn;xpk
cqn;hdk
crv;ckk
crv;shc
crv;hbc
gdf;ppg
gdf;xsn
lcn;gbd
lcn;gbg
czh;trp
czh;ngq
czh;fbf
czh;mqf
vsb;fmj
rjb;gxt
cpz;gjt
cpz;fqx
cpz;ztg
cpz;kfc
cgl;vfc
cgl;tqr
cgl;mgc
cgl;pvz
cgl;mdf
cgl;fvs
cgl;csx
fcq;nln
fcq;cqt
fcq;tqt
fvz;kds
fvz;mdh
fvz;bgf
fvz;njl
dkq;qvl
dkq;gpg
dkq;mhv
hzh;tqv
lfx;ckm
lfx;bkc
lfx;lrm
lfx;mnk
fjc;gfj
fjc;grf
fjc;sxb
fjc;jrh
fjc;vzs
cbn;lzc
cbn;gnk
cbn;jlm
cbn;qzk
lgm;clx
lgm;pjf
lgm;nlc
ngc;tmg
rjr;mbz
rjr;lmg
rjr;dxr
rjr;hgl
rjr;cqc
tmq;vns
qmd;tjk
qmd;jgn
qmd;kft
qmd;vsb
bzm;pdr
bzm;jvb
pgc;mrm
pgc;smf
pgc;ztg
xxx;nch
xxx;gqx
xxx;zfn
jxd;hvh
jxd;nzm
jxd;qbj
jxd;hxx
rzz;ztx
rzz;dvj
flt;dvn
flt;jhz
tvl;gtr
gsl;llr
gsl;crz
gsl;xlg
gsl;tdl
gsl;pkz
lfk;ltz
lfk;qlf
lfk;pzv
lfk;bqx
lfk;hnj
lfk;xjg
jdx;lmz
jdx;qml
kgv;szh
kgv;vtx
kgv;ncx
cgn;pjf
cgn;xqc
xcq;hgm
xcq;zpb
xcq;kdb
xcq;shn
bml;xrt
rzg;vpn
vjl;ffx
vjl;kkt
qcg;jps
qcg;qbz
sgc;nxq
sgc;rct
sgc;zpd
sgc;djl
ghd;xfv
ghd;czn
ghd;vhz
ghd;lbd
ghd;tjr
ghd;jbr
gjs;vfp
xvd;plc
xvd;fgv
xvd;rvk
ghc;fgk
bcz;bjz
bcz;mhv
bcz;lsc
ltc;skr
ltc;nvm
gzr;xts
gzr;drt
gzr;rtq
gzr;lmh
kcv;czt
kcv;hcr
kcv;bbv
kcv;xdg
jxj;zgc
jxj;qsb
jxj;txp
tqv;kdh
jgm;jvz
jgm;kzn
jgm;tpn
jgm;lpm
srd;lpx
srd;nrv
fns;lgt
fns;qzp
fns;cdg
xjp;rzg
xjp;mjm
xjp;pmx
mxs;npb
mxs;tkf
mxs;pvv
mxs;rbx
mxs;rpq
jxx;hfb
jxx;cvc
jxx;lsj
jxx;tnc
nnc;cnr
nnc;kdq
nnc;jfs
hrr;qvt
hrr;zkd
hrr;pbh
xzs;qpr
xzs;xxg
xzs;zvz
xzs;gqs
scm;snq
scm;tnc
pzg;vns
glv;csd
glv;shf
glv;srj
xrm;nxq
xrm;ndq
xrm;vtr
xrm;kck
cxm;bbh
cxm;hxs
cxm;czn
cxm;cjj
xpm;dfx
krp;vff
rng;smh
rng;cqc
tkq;cnv
tkq;rpr
thk;tdh
thk;brc
thk;lnm
gsk;zdg
gsk;nzp
gsk;xjf
mrb;hdd
mrb;bhm
mrb;jkz
mrb;jbr
mrb;src
flf;mrj
flf;lgp
flf;qgv
flf;kts
gzz;bdt
gzz;vpn
gzz;hmm
zrq;klk
zrq;clx
zrq;qbz
cjn;mgg
cjn;rdl
jjr;vcq
jjr;ngg
tlr;jmj
tlr;brc
dqh;hrj
dqh;xnd
dqh;zdd
dlh;ltj
dlh;zdz
dlh;dng
dlh;pqs
prs;fpg
bzb;xmg
bzb;kxd
bzb;xqt
qtg;shn
qtg;ztc
fxp;vgg
fxp;xsv
fxp;dcn
fxp;xzk
nqv;rtv
xmb;jrg
xmb;hql
xmb;hzh
xmb;jsn
csd;jkb
csd;tnn
zgc;gmj
jrj;bln
jrj;trr
jrj;jgh
pqk;mjn
pqk;ngq
pqk;ptt
pqk;hdx
pqk;spt
pqk;zsp
ksn;cpn
ksn;vlf
ksn;jgm
dsf;mqz
dsf;spt
dsf;vxx
dsf;xmg
tpr;rqt
tpr;ljx
tpr;fpq
tpr;sch
tpr;svb
zbh;plc
zbh;mqz
qgv;qhs
qgv;gdn
pmm;gbs
pmm;pmp
ksb;cgm
ksb;spk
rzp;fxz
rzp;gxq
rzp;tqf
qrp;vmg
qrp;ksb
hcr;fss
tzm;cqs
vzb;kvb
gbg;qzp
gbg;qqz
qmp;hbp
qmp;bdd
qmp;pnm
qmp;cgq
qmp;tql
qmp;tdg
cbz;qsc
jrn;bhz
jrn;hdk
jrn;rlx
jrn;tqf
fxd;czk
fxd;jjb
fxd;drl
kgk;srn
kgk;vpv
kgk;gjs
jxk;fnf
jxk;rtk
fdx;srn
fdx;hzf
ppk;gvn
ppk;rbm
ppk;vtr
ppk;dsr
str;tqr
str;kts
str;klf
str;rbx
fvm;fsb
fvm;xpq
xbc;jtf
ttz;mqz
ttz;hgq
qvs;nbq
qvs;fxl
qvs;xxx
lpf;rtp
lpf;vjx
lpf;lpn
lpf;krp
lpf;dgd
nrv;xcz
jtb;mzr
jtb;fcj
jtb;nrv
mtr;lgz
mtr;sgn
mtr;vlv
mtr;sqn
mtr;nbz
bfn;jrp
bfn;plc
fgs;jpx
fgs;tjh
tkt;kft
tkt;jsj
jmv;npl
jmv;lzh
jmv;gbs
lzn;mrj
lzn;crp
lzn;kph
lzn;jdx
khr;cnp
bnc;szm
bnc;zbz
bnc;ckj
sxl;ksb
sxl;gfj
sxl;kxm
sxl;qpr
sxl;txx
nrz;mpt
nrz;kkn
ztg;gsd
ztg;tvx
ccz;dxp
ccz;hdg
gcr;njs
gcr;pql
gcr;pqp
gcr;dcn
zml;ntv
zml;qff
zml;hpp
zml;fjq
mbx;mbz
mbx;cms
mbx;jrg
mbx;mjq
mbx;ckz
mbx;lfs
nvh;njp
nvh;tdf
nvh;sqn
zbz;ldr
zbz;hht
zbz;zrc
zbz;dmm
ctn;vvz
ctn;vpz
ctn;ksb
mnc;nvb
qlv;qvc
qlv;vts
qlv;zns
xhr;vkm
xhr;nbx
xhr;pth
xhr;zsx
xhr;ldr
hnq;fcj
hnq;mzb
jzl;flh
jzl;ztv
jzl;qzd
jzl;tct
xzk;fmh
xzk;pgc
jgg;dbl
jgg;lbd
jgg;mjf
jgg;fgz
dgj;szm
dgj;cvc
dgj;qvl
ptb;bkg
ptb;shn
rlz;mvn
rlz;lpp
rlz;hbx
rlz;ztc
fgk;tnn
kxd;dtp
kxd;xvn
zpd;csd
zpd;jhz
hml;qdl
hml;hdg
hml;qrp
hml;tzm
sdt;qkn
sdt;mjz
sdt;kxq
sdt;fkd
bmh;rgr
bmh;blf
bmh;npb
ghr;vgd
ghr;pjh
ghr;pvs
jrp;bnt
jrp;tqv
nvs;gnq
nvs;rxp
nvs;jkb
nvs;hcr
gfq;sfp
gfq;ppg
gfq;pxb
gfq;fqx
kqx;lsh
kqx;vcv
kqx;xts
qlf;jmg
qlf;ngc
qlf;pgh
qlf;jzj
qlf;qcs
nhc;gpj
nhc;rjb
mcg;gvl
cjb;fcj
src;rfm
src;mgc
src;mkq
svp;cpm
svp;dvx
svp;flf
svp;dqp
glz;lqk
glz;jsn
glz;tjl
szk;dtp
cjg;jrh
cjg;xnm
cjg;ppv
cjg;mhj
qqx;zdg
cxl;bqh
cxl;dgd
cxl;ngc
cxl;jsd
pgh;qmm
qht;lgt
gzj;nzp
gzj;thh
gzj;xcs
gzj;kvb
gkk;phm
gkk;zcr
gkk;vfz
xsh;lbd
xsh;mgg
jjv;qlz
jjv;bmb
jjv;njv
jjv;lvk
jjv;kkl
bgm;dgx
bgm;qsf
bgm;sbs
jzj;xpm
jzj;fjf
vhd;rgc
vhd;fsc
vhd;cls
nzk;flj
nzk;dkr
nzk;hgr
mkx;hdg
xcb;rrj
zfg;prx
zfg;stk
zfg;gnk
bnm;bzl
bnm;xdz
bnm;lrx
bnm;nzs
bnm;szx
tsm;prz
ghp;cdg
ghp;crg
ghp;czp
mgc;ssz
mgc;qqx
chs;pqr
vjq;lfc
vjq;mgk
czg;qvl
jhp;rqk
jhp;mnk
jhp;gkp
pzl;snq
pzl;rvq
pzl;sps
pzl;pjl
gch;gpz
gch;hqc
gch;mjq
gch;rkv
zbq;lpx
zbq;lhm
zbq;fxz
nln;hdx
nln;jpx
gmj;rrj
gbh;fqh
skt;xrm
skt;hnq
skt;pms
skt;bkg
skt;fkp
hbc;mpt
tzh;njs
tzh;glj
tzh;xfs
tzh;pnm
txp;zcb
vxn;kvz
vxn;mjn
vxn;mjm
vxn;prv
nqm;kcx
nqm;jhz
nqm;hgq
kgl;rlx
kgl;rgl
kgl;dgx
mdr;qgv
mdr;lzv
mdr;bln
mdr;svq
lhm;bnq
bqp;fqr
bqp;jvj
bqp;xfv
bqp;bdd
bbd;cvn
bbd;xjf
bbd;pgk
bbd;pjf
frf;bml
frf;trp
frf;zmq
frf;hhs
lbk;xgb
lbk;jps
lbk;qzs
lbk;tbt
lbk;cbh
htc;bvh
htc;mnh
htc;nch
htc;fpg
knm;dsq
knm;dlx
knm;zrc
kqv;hmq
kqv;khr
kqv;mkq
kqv;thb
xdn;vhz
xdn;lbj
xdn;fhj
xdn;vkn
lbb;pxb
lbb;jmm
lbb;vsd
pjv;lzh
hqc;qqz
mxp;fgv
mxp;vvr
mxp;bkg
fkj;xgg
fkj;glz
jdh;grg
jdh;vjx
srj;dvh
srj;mll
pqs;mtj
pqs;gkt
pqs;bfb
pqs;cqc
kvq;dmq
kvq;ztx
kvq;jmc
kvq;zld
kvq;qct
vzs;zqh
vzs;sbj
lmz;xgb
tbj;prz
jgj;nlj
jgj;xzj
jgj;hrn
jgj;nnd
npb;fdx
tjl;jzq
ptn;mcg
ptn;zcb
ptn;vfp
ptn;dbl
ptn;tbt
tdg;lxx
dsq;djl
dsq;tnn
hgr;qbt
frj;cjb
frj;brl
frj;rng
frj;cgt
dbs;tcr
dbs;qvt
dbs;drz
qml;fgl
qml;crp
tlb;nbq
tlb;fgt
tlb;zcr
tlb;dbs
kdb;sfk
kdb;mnf
zcr;xsn
pzn;ntm
pzn;zzk
pzn;rng
rfc;gnq
rfc;pvc
chd;zpx
chd;jgh
chd;bmh
chd;sbq
chd;fft
chd;ngk
bgs;zjr
bgs;dgh
bgs;frt
bgs;rkj
gml;pth
gml;zdz
gml;vqd
gml;cxt
cnd;glj
cnd;mcr
cnd;hdg
cnd;sjz
cvh;tbn
cvh;zcb
cvh;srn
cvh;vpv
cvh;dqm
cvh;hmq
lbj;qnz
lbj;dnf
lbj;nnc
pjs;ggg
pjs;fqx
pjs;cgm
pjs;sgf
bkj;nmh
bkj;lnm
bkj;jtr
bkj;vgd
bhz;cqn
mrj;fmj
mrj;xsn
mgm;vjg
mgm;kqm
mgm;hql
pbb;dtx
pgr;dgd
pgr;lth
pgr;gfr
gfm;bhr
gfm;dlx
gfm;xpr
gfm;sch
skr;nbx
skr;mdk
ckk;ngg
ckk;tvx
zsp;lzh
qfq;tdh
qfq;hkb
srt;bcs
srt;msv
srt;bbm
srt;pmp
jsd;nrv
jsd;rvk
gfr;cbg
gfr;lzm
gfr;nvm
ndq;vgz
ndq;kbf
hjc;kbn
hjc;nrl
hjc;kjg
hjc;mjc
xdg;cnv
xdg;hbt
xdg;zpb
vhz;hvj
vhz;lzv
rsh;gfj
fzs;zpg
fzs;xjg
ljc;nfn
ljc;gdf
ljc;cnz
ljc;bnj
gqd;pmx
gqd;zpk
gqd;rfc
gqd;kck
pvl;hsk
pvl;hbp
pvl;jcc
pvl;ppz
spr;fjb
spr;bbm
spr;bzm
spr;cfg
spr;hgr
szm;rgc
szm;zsx
fkg;gxs
xzj;cqs
zbj;vjq
zbj;pgc
zbj;qgj
mtz;jhz
mtz;tsm
mtz;bqq
pgp;hpc
pgp;shq
hvh;mqf
hvh;ccx
hvh;sjt
ncs;mfs
ncs;tjk
pkc;lrk
pkc;zkx
pkc;rvq
pkc;qxs
ltr;mft
ltr;gzc
vmk;zkx
vmk;xrj
vmk;sxq
xqk;ldz
xqk;njz
xqk;djk
qsc;qmm
qsc;xfk
pjl;lxm
pjl;bbk
jsn;cfh
jsn;lpp
dkd;tdr
dkd;hkm
dkd;pbp
fhj;kxm
fhj;fsb
hpp;mqd
hpp;xcs
vrz;tkq
vrz;rfk
vrz;zdj
vrz;flt
vrz;pzn
zkx;tdf
lpn;qhg
lpn;pmm
lpn;hzl
psk;qpz
psk;tzg
psk;jfs
psk;pjg
psk;cbm
jfp;czp
ljx;ccx
ljx;qxs
rbx;cnd
rbx;pjh
rbx;zpx
plr;bjz
plr;bjt
plr;qqb
plr;chs
ztx;nlc
ttf;zff
ttf;tdp
ttf;qtg
zdr;gsd
zdr;ncd
zfj;jtd
zfj;ghc
zfj;tdr
vzx;znq
vzx;kdb
lrm;njp
lrm;xpr
lrm;gpg
lvr;vgd
lvr;cpm
lvr;lmz
xvr;thb
xvr;ksb
xvr;kjk
xvr;npb
vqk;nfc
ndk;fkd
lgq;tkt
lgq;hvz
lgq;tgj
lgq;vgg
kbg;nss
kbg;tvl
kbg;skg
kbg;sps
kbg;kqx
rzd;xvd
rzd;ndf
rzd;svb
rzd;kkc
bjt;qrb
bjt;mnf
bjt;dvn
tdh;vns
zkd;bsk
dgv;hhs
dgv;jsn
dgv;sps
dgv;rlz
ptd;vzb
ptd;qqx
qsf;mnc
fss;nrv
rjm;ljz
rjm;lbr
ppz;gsd
cjj;kxm
cjj;tlt
vvr;rgz
vvr;pmp
mqb;hpk
mqb;thh
mqb;rcq
sxq;kkc
sxq;trp
sbq;stk
cnp;qzs
ngj;qzc
ngj;nbl
ngj;tdf
lzb;fxj
lzb;dzl
lzb;vfz
lzb;hkb
nxl;vkg
nxl;tqb
nxl;lbr
pkq;dng
pkq;ptt
klk;pdj
vfh;zrs
vfh;qfg
vfh;cpm
gqn;qxd
gjt;jmc
gjt;lpr
gjt;xsn
vqt;xxg
vqt;qxd
vqt;bsk
psf;ktj
psf;sxv
psf;tlr
psf;csb
psf;gqn
psf;qvs
tbp;zpb
tbp;znj
tbp;ltz
tbp;sxq
gqs;qxd
gqs;jbr
gqs;gvl
xgt;fsc
xgt;tqf
xgt;ngj
vgp;kkn
vgp;ksp
vgp;vpz
spt;vlv
hdv;ckj
hdv;rng
hdv;fpq
hdv;sdp
qfg;fvg
qfg;vsb
qfg;xbj
jlv;pkz
jlv;xnd
svt;mkf
svt;shf
svt;pjv
svt;mgm
svt;jpf
hhs;vgz
hhs;cls
tgr;hfd
tgr;smh
tgr;vbg
tgr;rlx
dpm;dgj
dpm;sqn
dpm;cqc
vcq;lzc
gvn;lgt
mqn;cvc
mqn;fbf
mqn;mll
lsj;brl
lsj;vmk
qgj;nkm
pzq;xvd
pzq;rxg
pzq;tdn
pzq;zkt
ksg;fzm
ksg;ktc
ksg;cjb
ksg;pcb
sqk;klk
sqk;dvj
fgt;mgg
fgt;jqt
lcm;lmh
lcm;kzj
lcm;mrg
zkz;jjr
zkz;dvj
zkz;fhj
zkr;pdj
zkr;vkc
zkr;nlc
kmz;lmg
kmz;snq
kmz;fcq
kmz;gfr
ngl;fft
ngl;szs
ngl;rnn
ngl;ptd
ngl;zjc
ngl;cqs
pdz;qrm
cmx;pzg
xsv;xxg
xsv;rgr
rsk;zbj
rsk;kxp
rsk;qdl
rsk;lzc
hnb;rcq
hnb;prj
zdh;nbq
zdh;ppz
zdh;lvr
zdh;nlc
vlf;pjj
vlf;gmx
vlf;dxp
vlf;hvq
vlf;kcn
mpb;kdq
mpb;zzc
mpb;sls
mpb;xsh
mpb;lgq
rch;srq
rch;vmz
rch;lgz
rch;qvc
rvb;jdj
kjg;mjm
kjg;nzz
kjg;dxr
xdz;rvj
xdz;dkq
cgq;fvm
cgq;zdh
cgq;svq
ntm;jdh
ntm;kvz
ntm;dkd
jtd;fgk
jtd;tdr
jtd;kbn
fqh;ngc
fqh;sdp
fqh;qsc
cfb;bkc
cfb;rkl
cfb;jhz
bcs;djl
szx;bdt
szx;rzt
zqh;ftz
zqh;bvg
nxq;fvl
jtp;jqt
jtp;nkp
jtp;xjf
jtp;zpx
zqk;csj
zqk;sbj
qks;nqv
qks;jjv
qks;bjt
dks;mnm
dks;crd
dks;bsk
czk;zhx
xvn;smh
bcl;hdc
bcl;cnz
bcl;qff
bcl;qqx
lgv;lgk
lgv;kft
lgv;blf
thb;nrq
vbg;gpg
vbg;gtr
vbg;jmg
vbg;lxm
dqb;tmq
dqb;snt
mqf;pbl
dgh;zzk
dgh;qlv
dgh;ntl
nbz;dvb
hfm;njl
hfm;jkb
hfm;hqg
hfm;hdx
hfm;sdg
hfm;lvk
znt;tbn
tcx;jdf
tcx;cpc
tcx;sxb
tcx;kzn
tcx;ddk
rcl;rzh
rcl;jjb
rcl;tqb
rcl;dqh
flh;mgg
flh;ncd
flh;tdx
flh;lmz
jll;mnc
jll;drt
jll;nzm
jll;gqf
scc;mgk
scc;zzd
vjp;cng
vjp;ljz
fvl;fxt
fvl;trb
gbs;qlz
tjp;xqt
tjp;hmm
tjp;prm
tjp;lsh
qhg;rct
qhg;dvb
qhg;srd
qhg;hfb
dqm;mqb
nvm;qqz
nvm;knb
vlt;tmg
vlt;jtd
vtd;xpm
vtd;mmt
vtd;rtk
vtd;dgp
vtd;tkg
vtd;nbz
cdq;lfj
cdq;hvv
cdq;nzm
cdq;mgl
ktc;rvb
ktc;xrr
ktc;jhp
fjq;mnm
fjq;pql
tjk;pdz
tjk;lzc
jts;mnc
jts;prl
jts;tqv
zpl;vfn
zpl;pfb
mtb;dzj
mtb;mjq
mtb;jkb
mtb;lcn
hdl;thb
hdl;brx
hdl;tct
hdl;hmn
hdl;xpz
bxn;dds
bxn;bnj
bxn;tdg
kxc;lsj
kxc;qdx
kxc;rtk
dnf;bqp
dnf;rcl
dnf;dcn
rjf;jdl
rjf;vmg
csn;ptq
csn;ppv
khl;tkt
khl;prs
khl;zdr
khl;lcp
csx;vfn
csx;sxb
kph;zhx
kph;ztv
kph;qqx
hbg;xdm
hbg;xfk
jvk;jpx
jvk;kkc
jzn;vmg
jzn;vzs
jzn;sst
jzn;gqn
jzn;rzq
jzn;dtl
gmp;ttf
gmp;vlt
gmp;lsh
qgz;hbx
qgz;bnt
qgz;mvn
qgz;bqf
xdp;plc
xdp;prc
xdp;qvc
crp;jmc
sdg;fzs
sdg;zbh
sdg;kkg
kkq;bhr
kkq;rkl
kkq;hht
lxq;ljl
lxq;nbz
lxq;jhz
lxq;bbm
lxq;zhc
bzl;qxl
bzl;jxk
bzl;xrr
bzl;nxh
bzl;rdz
hkb;rzz
dnd;rvk
dnd;pcb
dnd;mtj
hql;hnd
hql;tmv
hql;dpq
qsv;rpj
qsv;jdf
qsv;fsb
qsv;dzn
nbv;bdd
nbv;lpr
nbv;ppz
zgh;nps
jnz;vqt
jnz;cnp
svq;kmt
sch;gsf
xnb;lxm
xnb;zbn
xnb;jsl
xnb;mtr
zbn;gkp
zbn;tnp
nps;ndk
nps;vcq
nps;gdn
szd;mtz
szd;kkg
szd;dvn
szd;rgl
lvk;dvh
mfs;fcl
mfs;dgz
phm;tdl
zkh;lsb
zkh;ppv
pxr;ngp
pxr;bxn
pxr;tql
pxr;vzb
tqf;qgg
qng;ltj
qng;vzx
qng;mvt
qng;qlz
sjt;gjg
ktn;zlh
ktn;snq
tbt;zdd
tbt;srn
gxs;shq
dxv;gmx
dxv;rsh
hjk;jts
hjk;jsd
hjk;cbg
hjk;xql
ldj;glg
ldj;xbc
ldj;xcz
shn;kjq
shh;pkq
shh;xqt
shh;pmm
shh;vnl
shh;dfx
stb;gjs
stb;xfv
stb;ckk
stb;nfc
tsr;gxt
tsr;rdl
tsr;nrm
tsr;ssz
tsr;xcb
vhn;ztg
vhn;jlr
vhn;xlg
vhn;zrq
vhn;kmc
zdg;fgt
zdg;dvx
cbx;bqv
cbx;vts
cbx;hdk
cbx;rqt
qrs;jhz
qrs;qrb
qrs;dng
qrs;czb
cgb;xql
cgb;stc
cgb;jkf
cgb;zff
srq;dsr
tdx;zkz
tdx;ndk
tdx;xlg
jdg;xjg
jdg;jsl
jdg;qlz
jdg;xqk
jdg;cbg
jdg;xgj
rvd;xjf
rvd;rrj
rvd;dnm
rvd;dcn
cmj;fcj
qqk;pvc
qqk;nsv
qqk;kkq
qqk;kqx
pzf;xzj
pzf;lzc
pzf;pdj
dbg;rfx
dbg;sbq
dbg;lgv
dbg;lcp
hrn;pnl
cvn;crd
sgn;zbq
sgn;tjp
sgn;lvk
sgn;zlh
fgz;tmq
qtp;krl
qcs;rzg
qcs;zpb
pbp;flj
clk;hht
clk;sfs
clk;hks
clk;bcs
rgm;blf
rgm;xsh
rgm;cdp
rgm;vgd
hqq;vkg
hqq;jnz
hqq;prj
prc;jfp
prc;lth
cpn;gvl
cpn;ptq
cpn;jtr
jpj;ffx
jpj;ffz
jpj;qbt
kbs;qks
kbs;tnp
kbs;mtz
kbs;mnz
sgz;kbj
sgz;hbx
sgz;brl
jmm;fpg
jmm;ltr
trr;tgj
trr;jmj
trr;pgp
nfl;fcl
nfl;fgt
nfl;lbr
rhb;jtr
rhb;krl
bqh;nvm
bqh;zmq
bqh;dtx
fdr;zgh
fdr;sst
fdr;clx
cqt;trb
cqt;flj
jdl;lgk
jdl;kfc
grc;nkp
grc;xxg
grc;hnb
grc;ktj
hjl;zls
hjl;jlv
hjl;gsk
hjl;hfx
pkz;qzs
pkz;prx
tcj;ljx
tcj;bqf
tcj;tpr
tcj;plh
dzl;zrs
bgq;xff
bgq;tqv
bgq;jkl
bgq;cmj
bgq;svh
cbh;zpl
cbh;czk
rxl;dqm
rxl;qcg
rxl;nhn
vph;zhc
hsk;ksb
hsk;zkd
hmq;jgh
vxx;ntl
vxx;jkb
dsl;tqr
dsl;sql
dsl;szh
dsl;ssz
dsl;xcb
rth;pdz
fkd;lpm
fkd;rzh
dmb;gkk
dmb;qct
rlb;mnh
rlb;dtl
rlb;smf
zht;vqk
zht;gxt
tnp;lqk
tnp;dtp
jct;mjv
jct;pjf
jct;cgn
bjj;ncx
bjj;gqz
zls;hnb
zls;grc
zls;tlt
nqd;cmx
nqd;krz
nqd;nxl
nqd;hfj
lnm;fft
lnm;qtp
vmg;xzj
xnd;tpn
kcx;srq
kcx;bzb
nhx;fss
nhx;gxq
nhx;vbg
sbs;kbn
pnl;brc
pnl;nkp
mbt;nbx
mbt;hnr
mbt;bzt
mbt;xgj
sqj;vxj
sqj;jmm
sqj;nlj
jkl;cbz
jkl;vff
jkl;mkf
cjl;vkg
cjl;kmc
cjl;zkr
cjl;nfc
phc;klk
phc;vsb
phc;vdq
xpx;kdq
xpx;gcd
xpx;tdg
xpx;thk
dng;szb
dng;glp
dng;ptb
gtd;kdh
gtd;zhg
rbk;ldr
rbk;prz
rbk;pdr
rbk;bzb
ggg;zmp
ggg;hhr
kpn;fkp
kpn;bfn
kpn;ldz
zfn;vzv
zfn;krz
zfn;ncs
zfn;rpj
zfn;nmh
cnr;mcr
cnr;gqz
cnr;hfx
bjc;pbp
bjc;gqf
bjc;vmt
bjc;sgz
vjg;jdj
vjg;tmv
vjg;cbz
hnr;zsx
hnr;xlx
hnr;dxr
kxp;kfc
kxp;dds
dmq;bvh
dmq;fxd
qrb;nzz
qrb;qvc
msv;qrb
msv;ljv
fpq;vpn
txx;jnz
txx;pql
dsr;sdp
dmm;zhc
xfv;ngp
xfv;hrn
pqn;gqf
pqn;sfk
pqn;gbg
pqn;scp
pvs;jgh
pvs;fkd
bhh;hmq
bhh;jct
bhh;vvd
bhh;nps
qcj;lpp
qcj;qvc
scl;tbn
scl;kmc
scl;bvg
zkt;zmq
zkt;nzz
zkt;hgq
qmk;qcj
qmk;ntl
qzd;pjg
qzd;ccz
qzd;jgn
szs;vpv
szs;jkz
szs;vtx
lgz;jcr
lgz;mbf
lgz;lgt
rzq;rhb
rzq;vzb
rzq;nvg
jpf;tnp
kvz;dgx
grf;rzc
grf;fqf
grf;fcn
sqr;kkl
sqr;szk
sqr;thv
mfc;njc
mfc;gqx
mfc;vsd
mfc;glj
mfc;vlp
nnd;bsk
nnd;lgp
nnd;gqz
hfd;hqc
hfd;xbc
hfd;xcz
rrc;vpn
rrc;zhg
rrc;szk
rrc;nhx
rrc;bxs
qsg;pbb
qsg;qsf
trb;ckj
vvd;tzg
vvd;kfc
vvd;qtp
tcn;gzz
tcn;svh
tcn;hfb
rdz;pms
rdz;nrv
kkt;lgt
kkt;czg
nlj;pqp
cnz;qsb
hkd;crz
hkd;jtr
hkd;tfx
hkd;ndx
crd;mcg
pnh;hnj
pnh;tsm
kns;zkh
kns;tlt
kns;csn
kns;sfp
pzv;gnq
pzv;fsc
vkn;pgp
vkn;csx
vkn;tjr
vkn;cnz
vkn;zqk
xpq;xqc
xpq;fvs
lzj;nfn
lzj;jvz
lzj;sfp
lzj;qlr
zfx;pnb
zfx;hhr
zfx;rfx
zfx;kxm
gcd;kjk
gcd;dnm
gcd;bmm
gcd;dtl
hfj;nrm
hfj;gjt
hfj;cvn
qvg;bgm
qvg;hvh
qvg;kmz
qvg;pnh
xfp;kqv
xfp;csn
xfp;tzg
xfp;xgb
kvb;zpx
kvb;vmg
jgx;ctn
jgx;dzn
jgx;fxl
jgx;ghr
jgx;dqb
jgx;cng
hzf;nvg
hzf;snt
ntv;drl
ntv;bhm
gkp;tjh
gkp;zck
kdp;qpz
kdp;xzk
kdp;fgp
kdp;cpc
knb;mdh
smt;skr
smt;nbl
smt;ffz
smt;nqv
jtz;mnk
jtz;cjb
jtz;zpb
drx;bkc
drx;dsq
bbv;qcs
fmj;nrm
fmj;zcb
csj;ftz
csj;vqk
csj;bxn
lzm;flb
lzm;rkv
lzm;spt
gpj;crp
gpj;qrm
ccs;vpq
fvh;crv
fvh;flf
fvh;lvn
fvh;xcs
kqz;vjq
kqz;hpk
kqz;gqz
kqz;nbv
kqz;fdx
kqz;cnd
ncd;krz
ncd;kkn
ncd;xsg
pqr;kbn
nhn;tkf
vmt;xmg
vmt;plh
kmt;tdg
kmt;lkt
kmt;mjf
kmt;hpc
kmt;xsg
qnz;dxp
qnz;ztx
qnz;qxd
bbk;ptt
bbk;bkg
jrz;nrz
jrz;lxt
jrz;pvs
jrz;zcr
gqz;lsb
vdq;mnm
vdq;xcl
vdq;tmq
ppd;gpj
hgm;gqm
hgm;nln
hgm;zzp
hgm;zsp
gmx;jvz
dpq;jpx
dpq;qzp
dpq;prz
bnt;rpr
rtd;kft
rtd;rjb
rtd;khr
rtd;dvj
rkj;fcx
rkj;xnh
rkj;zsx
cfg;ccx
smq;pvc
smq;mdh
sbr;qhs
sbr;dzl
sbr;zmp
sxv;zkj
ljz;blf
tqr;vgg
tjb;lfc
tjb;srh
tjb;ljz
tjb;shz
tjb;ncs
shf;xsd
lfs;bbv
lfs;sgt
lfs;cpl
lfs;vlv
lfs;hnq
sxr;lrk
sxr;jpf
sxr;gbh
qlz;hgl
bgf;mqz
bgf;rpx
bgf;znj
kpk;jmq
kpk;vvz
kpk;pgk
kpk;dqm
vpd;tqt
vpd;dmm
dvh;xrr
dvh;jzq
gzb;fzs
gzb;dqr
gzb;pmp
gzb;vxx
vjx;sjt
vjx;sqn
vjx;xpk
slh;lcm
slh;crg
slh;jpl
slh;qzc
qzk;bnj
qzk;hqq
qzk;zht
qzk;zdh
hvv;skg
hvv;jtf
hvv;mnc
jkz;clx
jkz;dnm
zmb;xfp
zmb;kjk
zmb;mkx
zmb;sqk
fxj;fsb
dtx;cfh
dtx;bnq
ftx;bqv
ftx;jkb
ftx;zmq
ftx;dpq
vvc;gkt
vvc;sfk
vvc;xdm
frt;qht
frt;mnf
frt;rxp
frt;zpd
sgf;gdn
sgf;nvg
zln;scc
zln;qml
zln;dks
zln;gpj
blm;kxd
blm;kjq
blm;jpf
blm;tqf
bdk;tdl
bdk;pfb
bdk;rkh
srh;sbj
kkl;hdk
hbp;qct
hbp;jnz
hbp;ksn
hbp;qff
hbp;bzk
bjz;fss
cpc;nch
cpc;cng
tmm;ptd
tmm;crz
tmm;tmq
tmm;hdc
lgp;pjh
ckm;lgt
ckm;fjf
zpk;tnc
zpk;nzz
mkp;pmm
mkp;pkq
mkp;brl
mkp;ztc
mkp;mrg
mkp;dkr
hdt;rbm
hdt;fkj
hdt;jtz
nzm;lhh
nzm;xbc
jcc;zmp
jcc;ncd
jcc;rhb
tbn;ckk
pdj;lgp
ptp;rkj
ptp;gjg
ptp;klr
kks;lkt
kks;bhl
kks;njs
kks;jdx
zhg;xfk
zhg;nbx
zrf;fvs
zrf;klc
zrf;jvz
zrf;pzg
ndd;pbl
ndd;lhm
ndd;grg
ndd;pms
ndd;jmg
tcr;srn
tcr;krl
tcr;pnl
lbm;sgc
lbm;qvc
brg;srh
brg;gmx
brg;dgz
brg;xkx
xmx;hgr
xmx;pgh
xmx;rpx
xmx;hcz
cpl;tnn
cpl;crt
ckj;tjh
crt;rvb
crt;cfh
crt;xpk
crt;xjg
gpz;jcg
gpz;dtp
gpz;hgq
lmh;qcm
lmh;jxk
lvn;qbz
zrc;pls
zrc;cnv
zrc;cmj
qgq;pdj
qgq;klp
qgq;pbh
qgq;pkz
bzk;lpm
bzk;fxl
tmg;gxq
tmg;znl
glg;kdh
glg;ljv
glg;rgc
hbt;xff
hbt;jcr
tpx;hcz
tpx;rdz
tpx;fvl
tpx;dmm
tpx;gmp
fsz;xbj
fgp;hxs
fgp;khr
fgp;rsh
zdz;smq
zdz;hnq
zdz;tkg
jlr;pgz
jlr;xsv
jlr;hrj
prm;tkg
prm;zck
qxs;njv
mvv;drx
mvv;fkj
mvv;mxp
mvv;bbv
hjx;gvn
hjx;nvb
tzv;lsh
tzv;kkt
tzv;nzz
njv;dgx
ndn;plh
ndn;kqm
ndn;ltj
ndn;prl
ndn;bsm
